﻿{"cameraMode":{"drawMode":0,"name":"Shaded","section":"Shading Mode"},"sceneLighting":true,"audioPlay":false,"sceneViewState":{"showFog":true,"showMaterialUpdate":false,"showSkybox":true,"showFlares":true,"showImageEffects":true,"showParticleSystems":true},"in2DMode":false,"pivot":{"x":0.47357499599456789,"y":0.7785214781761169,"z":-7.72641658782959},"rotation":{"x":-0.03180218115448952,"y":-0.011397063732147217,"z":0.0003626379184424877,"w":-0.9994292855262756},"size":9.222756385803223,"orthographic":false}