USE master
GO
CREATE DATABASE MagicCorp -- MagicCorp 데이터베이스 생성하기
GO
USE MagicCorp
GO
CREATE TABLE DEPARTMENT( -- 부서 테이블 생성하기
	DNO INT PRIMARY KEY,
	DNAME NVARCHAR(20), 
	LOC NVARCHAR(20)
);
CREATE TABLE EMPLOYEE(   -- 사원 테이블 생성하기
	ENO INT PRIMARY KEY,
	ENAME NVARCHAR(20), 
	JOB NVARCHAR(20),
	MANAGER INT, HIREDATE DATETIME,
	SALARY INT, COMMISSION INT,
	DNO INT REFERENCES DEPARTMENT(DNO)
);
CREATE TABLE SALGRADE(   -- 급여 테이블 생성하기
	GRADE INT PRIMARY KEY IDENTITY,
	LOWSAL INT, 
	HIGHSAL INT
);
INSERT INTO DEPARTMENT VALUES(10, '경리부', '서울'); INSERT INTO DEPARTMENT VALUES(20, '인사부', '인천');
INSERT INTO DEPARTMENT VALUES(30, '영업부', '용인'); INSERT INTO DEPARTMENT VALUES(40, '전산부', '수원');
INSERT INTO SALGRADE VALUES(901, 1000); 
INSERT INTO SALGRADE VALUES(501, 900);
INSERT INTO SALGRADE VALUES(401, 500);  
INSERT INTO SALGRADE VALUES(301, 400);
INSERT INTO SALGRADE VALUES(201, 300);
INSERT INTO EMPLOYEE VALUES(1001, '김사랑', '사원', 1013, '2007-03-01', 300, NULL, 20);
INSERT INTO EMPLOYEE VALUES(1002, '한예슬', '대리', 1005, '2007-04-02', 250,   80, 30);
INSERT INTO EMPLOYEE VALUES(1003, '오지호', '과장', 1005, '2005-02-10', 500,  100, 30);
INSERT INTO EMPLOYEE VALUES(1004, '이병헌', '부장', 1008, '2003-09-02', 600, NULL, 20);
INSERT INTO EMPLOYEE VALUES(1005, '신동협', '과장', 1005, '2005-04-07', 450,  200, 30);
INSERT INTO EMPLOYEE VALUES(1006, '장동건', '부장', 1008, '2003-10-09', 480, NULL, 30);
INSERT INTO EMPLOYEE VALUES(1007, '이문세', '부장', 1008, '2004-01-08', 520, NULL, 10);
INSERT INTO EMPLOYEE VALUES(1008, '감우성', '차장', 1003, '2004-03-08', 500,    0, 30);
INSERT INTO EMPLOYEE VALUES(1009, '안성기', '사장', NULL, '1996-10-04',1000, NULL, 20);
INSERT INTO EMPLOYEE VALUES(1010, '이병헌', '과장', 1003, '2005-04-07', 500, NULL, 10);
INSERT INTO EMPLOYEE VALUES(1011, '조향기', '사원', 1007, '2007-03-01', 280, NULL, 30);
INSERT INTO EMPLOYEE VALUES(1012, '강혜정', '사원', 1006, '2007-08-09', 300, NULL, 20);
INSERT INTO EMPLOYEE VALUES(1013, '박중훈', '부장', 1003, '2002-10-09', 560, NULL, 20);
INSERT INTO EMPLOYEE VALUES(1014, '조인성', '사원', 1006, '2007-11-09', 250, NULL, 10);
GO