﻿{"cameraMode":{"drawMode":0,"name":"Shaded","section":"Shading Mode"},"sceneLighting":true,"audioPlay":false,"sceneViewState":{"showFog":true,"showMaterialUpdate":false,"showSkybox":true,"showFlares":true,"showImageEffects":true,"showParticleSystems":true},"in2DMode":false,"pivot":{"x":4.1287522315979,"y":1.9170427322387696,"z":-9.5580415725708},"rotation":{"x":-0.17044344544410706,"y":0.018323907628655435,"z":-0.0031702134292572738,"w":-0.9851928353309631},"size":6.345235347747803,"orthographic":false}