﻿{"cameraMode":{"drawMode":0,"name":"Shaded","section":"Shading Mode"},"sceneLighting":true,"audioPlay":false,"sceneViewState":{"showFog":true,"showMaterialUpdate":false,"showSkybox":true,"showFlares":true,"showImageEffects":true,"showParticleSystems":true},"in2DMode":false,"pivot":{"x":-0.16453789174556733,"y":9.199353218078614,"z":-17.65256118774414},"rotation":{"x":0.3367849290370941,"y":-8.622562575055781e-8,"z":-3.310626084385149e-8,"w":0.9415822625160217},"size":24.728282928466798,"orthographic":false}