﻿{"cameraMode":{"drawMode":0,"name":"Shaded","section":"Shading Mode"},"sceneLighting":false,"audioPlay":false,"sceneViewState":{"showFog":true,"showMaterialUpdate":false,"showSkybox":false,"showFlares":true,"showImageEffects":true,"showParticleSystems":true},"in2DMode":false,"pivot":{"x":-0.8754692077636719,"y":1.0005239248275757,"z":5.510000228881836},"rotation":{"x":0.013862296007573605,"y":0.9764236807823181,"z":-0.20505692064762116,"w":0.0660087987780571},"size":2.8578836917877199,"orthographic":false}